{"textures":{"0":"modelengine:entity/water_elemental_texture"},"elements":[{"from":[5.285714,0.0,6.857143],"to":[7.5714283,8.0,9.142858],"rotation":{"angle":0.0,"axis":"y","origin":[12.0,-1.7142859,8.0]},"faces":{"east":{"uv":[1.0,4.5,1.5,6.25],"rotation":0,"texture":"#0","tintindex":0},"south":{"uv":[1.5,4.5,2.0,6.25],"rotation":0,"texture":"#0","tintindex":0},"north":{"uv":[4.25,4.125,4.75,5.875],"rotation":0,"texture":"#0","tintindex":0},"west":{"uv":[4.625,0.0,5.125,1.75],"rotation":0,"texture":"#0","tintindex":0},"up":{"uv":[3.0,9.25,2.5,8.75],"rotation":0,"texture":"#0","tintindex":0},"down":{"uv":[9.25,6.875,8.75,7.375],"rotation":0,"texture":"#0","tintindex":0}}},{"from":[9.714286,6.857143,6.857143],"to":[12.571428,9.714286,9.142858],"rotation":{"angle":22.5,"axis":"z","origin":[12.0,-1.7142859,8.0]},"faces":{"east":{"uv":[8.25,1.0,8.75,1.625],"rotation":0,"texture":"#0","tintindex":0},"south":{"uv":[6.5,7.375,7.125,8.0],"rotation":0,"texture":"#0","tintindex":0},"north":{"uv":[5.875,7.375,6.5,8.0],"rotation":0,"texture":"#0","tintindex":0},"west":{"uv":[3.125,8.25,3.625,8.875],"rotation":0,"texture":"#0","tintindex":0},"up":{"uv":[8.875,6.875,8.25,6.375],"rotation":0,"texture":"#0","tintindex":0},"down":{"uv":[8.875,8.125,8.25,8.625],"rotation":0,"texture":"#0","tintindex":0}}},{"from":[4.742857,2.4285712,6.6],"to":[8.114285,4.714286,9.4],"rotation":{"angle":0.0,"axis":"y","origin":[12.0,-1.7142859,8.0]},"faces":{"east":{"uv":[8.375,2.125,9.0,2.625],"rotation":0,"texture":"#0","tintindex":0},"south":{"uv":[3.375,7.75,4.125,8.25],"rotation":0,"texture":"#0","tintindex":0},"north":{"uv":[7.75,3.125,8.5,3.625],"rotation":0,"texture":"#0","tintindex":0},"west":{"uv":[8.375,5.875,9.0,6.375],"rotation":0,"texture":"#0","tintindex":0},"up":{"uv":[0.75,7.875,0.0,7.25],"rotation":0,"texture":"#0","tintindex":0},"down":{"uv":[8.0,2.0,7.25,2.625],"rotation":0,"texture":"#0","tintindex":0}}},{"from":[1.9999995,-0.57142925,6.285714],"to":[7.0,0.5714283,9.714286],"rotation":{"angle":-22.5,"axis":"z","origin":[12.0,-1.7142859,8.0]},"faces":{"east":{"uv":[9.0,2.375,9.75,2.625],"rotation":0,"texture":"#0","tintindex":0},"south":{"uv":[7.125,8.625,8.25,8.875],"rotation":0,"texture":"#0","tintindex":0},"north":{"uv":[8.5,4.75,9.625,5.0],"rotation":0,"texture":"#0","tintindex":0},"west":{"uv":[9.0,5.0,9.75,5.25],"rotation":0,"texture":"#0","tintindex":0},"up":{"uv":[5.25,2.5,4.125,1.75],"rotation":0,"texture":"#0","tintindex":0},"down":{"uv":[5.875,3.25,4.75,4.0],"rotation":0,"texture":"#0","tintindex":0}}},{"from":[3.142857,-2.8571434,6.285714],"to":[7.0,-0.57142925,9.714286],"rotation":{"angle":-22.5,"axis":"z","origin":[12.0,-1.7142859,8.0]},"faces":{"east":{"uv":[7.75,3.625,8.5,4.125],"rotation":0,"texture":"#0","tintindex":0},"south":{"uv":[7.375,1.25,8.25,1.75],"rotation":0,"texture":"#0","tintindex":0},"north":{"uv":[0.75,7.375,1.625,7.875],"rotation":0,"texture":"#0","tintindex":0},"west":{"uv":[7.75,4.125,8.5,4.625],"rotation":0,"texture":"#0","tintindex":0},"up":{"uv":[6.5,6.25,5.625,5.5],"rotation":0,"texture":"#0","tintindex":0},"down":{"uv":[0.875,5.75,0.0,6.5],"rotation":0,"texture":"#0","tintindex":0}}},{"from":[3.2857141,0.5714283,5.714286],"to":[8.571428,1.7142854,10.285714],"rotation":{"angle":0.0,"axis":"y","origin":[12.0,-1.7142859,8.0]},"faces":{"east":{"uv":[8.875,6.375,9.875,6.625],"rotation":0,"texture":"#0","tintindex":0},"south":{"uv":[8.5,3.5,9.6875,3.75],"rotation":0,"texture":"#0","tintindex":0},"north":{"uv":[8.5,3.25,9.6875,3.5],"rotation":0,"texture":"#0","tintindex":0},"west":{"uv":[6.5,8.875,7.5,9.125],"rotation":0,"texture":"#0","tintindex":0},"up":{"uv":[2.4375,3.5,1.25,2.5],"rotation":0,"texture":"#0","tintindex":0},"down":{"uv":[3.6875,2.5,2.5,3.5],"rotation":0,"texture":"#0","tintindex":0}}},{"from":[3.8571424,-1.7142859,5.714286],"to":[8.571428,0.5714283,10.285714],"rotation":{"angle":0.0,"axis":"y","origin":[12.0,-1.7142859,8.0]},"faces":{"east":{"uv":[6.75,3.875,7.75,4.375],"rotation":0,"texture":"#0","tintindex":0},"south":{"uv":[0.0,6.75,1.0625,7.25],"rotation":0,"texture":"#0","tintindex":0},"north":{"uv":[6.5,5.375,7.5625,5.875],"rotation":0,"texture":"#0","tintindex":0},"west":{"uv":[6.75,4.375,7.75,4.875],"rotation":0,"texture":"#0","tintindex":0},"up":{"uv":[4.5625,1.0,3.5,0.0],"rotation":0,"texture":"#0","tintindex":0},"down":{"uv":[2.1875,3.5,1.125,4.5],"rotation":0,"texture":"#0","tintindex":0}}},{"from":[5.1714287,-4.5714293,6.0],"to":[6.942857,-3.4285717,10.0],"rotation":{"angle":-22.5,"axis":"z","origin":[12.0,-1.7142859,8.0]},"faces":{"east":{"uv":[8.875,8.25,9.75,8.5],"rotation":0,"texture":"#0","tintindex":0},"south":{"uv":[9.125,0.625,9.5,0.875],"rotation":0,"texture":"#0","tintindex":0},"north":{"uv":[7.75,1.0,8.125,1.25],"rotation":0,"texture":"#0","tintindex":0},"west":{"uv":[9.0,1.625,9.875,1.875],"rotation":0,"texture":"#0","tintindex":0},"up":{"uv":[6.0,8.875,5.625,8.0],"rotation":0,"texture":"#0","tintindex":0},"down":{"uv":[6.375,8.0,6.0,8.875],"rotation":0,"texture":"#0","tintindex":0}}},{"from":[6.428571,-0.14285755,6.0],"to":[8.142858,0.9999995,10.0],"rotation":{"angle":22.5,"axis":"z","origin":[12.0,-1.7142859,8.0]},"faces":{"east":{"uv":[9.0,1.875,9.875,2.125],"rotation":0,"texture":"#0","tintindex":0},"south":{"uv":[4.125,9.125,4.5,9.375],"rotation":0,"texture":"#0","tintindex":0},"north":{"uv":[3.75,9.125,4.125,9.375],"rotation":0,"texture":"#0","tintindex":0},"west":{"uv":[9.0,2.125,9.875,2.375],"rotation":0,"texture":"#0","tintindex":0},"up":{"uv":[6.75,8.875,6.375,8.0],"rotation":0,"texture":"#0","tintindex":0},"down":{"uv":[7.125,8.0,6.75,8.875],"rotation":0,"texture":"#0","tintindex":0}}},{"from":[-0.57142925,-0.57142925,6.8],"to":[4.5714283,0.5714283,9.2],"rotation":{"angle":-45.0,"axis":"z","origin":[12.0,-1.7142859,8.0]},"faces":{"east":{"uv":[7.25,2.625,7.75,2.875],"rotation":0,"texture":"#0","tintindex":0},"south":{"uv":[8.5,4.5,9.625,4.75],"rotation":0,"texture":"#0","tintindex":0},"north":{"uv":[8.5,4.25,9.625,4.5],"rotation":0,"texture":"#0","tintindex":0},"west":{"uv":[7.375,1.75,7.875,2.0],"rotation":0,"texture":"#0","tintindex":0},"up":{"uv":[2.0,6.75,0.875,6.25],"rotation":0,"texture":"#0","tintindex":0},"down":{"uv":[7.375,1.5,6.25,2.0],"rotation":0,"texture":"#0","tintindex":0}}}],"display":{"head":{"translation":[0.0,-6.4,0.0],"scale":[4.0,4.0,4.0]}}}