{"textures":{"0":"modelengine:entity/kraken"},"elements":[{"from":[3.2567945,2.0357141,9.758405],"to":[6.6853657,11.221429,9.758405],"rotation":{"angle":45.0,"axis":"y","origin":[4.6567945,7.7714286,8.415547]},"faces":{"east":{"uv":[0.0,0.0,0.0,1.0],"rotation":0,"texture":"#0","tintindex":0},"south":{"uv":[5.0625,5.75,5.4375,6.75],"rotation":0,"texture":"#0","tintindex":0},"north":{"uv":[5.75,2.0625,6.125,3.0625],"rotation":0,"texture":"#0","tintindex":0},"west":{"uv":[0.0,0.0,0.0,1.0],"rotation":0,"texture":"#0","tintindex":0},"up":{"uv":[0.375,0.0,0.0,0.0],"rotation":0,"texture":"#0","tintindex":0},"down":{"uv":[0.375,0.0,0.0,0.0],"rotation":0,"texture":"#0","tintindex":0}}},{"from":[18.113937,2.0357141,9.758405],"to":[21.54251,11.221429,9.758405],"rotation":{"angle":-45.0,"axis":"y","origin":[20.14251,7.7714286,8.415547]},"faces":{"east":{"uv":[0.0,0.0,0.0,1.0],"rotation":0,"texture":"#0","tintindex":0},"south":{"uv":[5.4375,5.75,5.0625,6.75],"rotation":0,"texture":"#0","tintindex":0},"north":{"uv":[6.125,2.0625,5.75,3.0625],"rotation":0,"texture":"#0","tintindex":0},"west":{"uv":[0.0,0.0,0.0,1.0],"rotation":0,"texture":"#0","tintindex":0},"up":{"uv":[0.0,0.0,0.375,0.0],"rotation":0,"texture":"#0","tintindex":0},"down":{"uv":[0.0,0.0,0.375,0.0],"rotation":0,"texture":"#0","tintindex":0}}}],"display":{"head":{"translation":[0.0,-6.4,0.0],"scale":[4.0,4.0,4.0]}}}