{"textures":{"0":"modelengine:entity/goblin_main","2":"modelengine:entity/goblin_charm"},"elements":[{"from":[6.285714,5.714286,6.857143],"to":[9.714286,9.714286,9.142858],"rotation":{"angle":0.0,"axis":"y","origin":[6.857143,5.714286,8.0]},"faces":{"east":{"uv":[3.0,9.5,5.0,13.0],"rotation":0,"texture":"#0","tintindex":0},"south":{"uv":[8.0,0.0,11.0,3.5],"rotation":0,"texture":"#0","tintindex":0},"north":{"uv":[7.0,6.0,10.0,9.5],"rotation":0,"texture":"#0","tintindex":0},"west":{"uv":[5.0,9.5,7.0,13.0],"rotation":0,"texture":"#0","tintindex":0},"up":{"uv":[11.0,5.5,8.0,3.5],"rotation":0,"texture":"#0","tintindex":0},"down":{"uv":[10.0,9.5,7.0,11.5],"rotation":0,"texture":"#0","tintindex":0}}},{"from":[6.857143,6.285714,6.285714],"to":[9.142858,8.571428,6.857143],"rotation":{"angle":0.0,"axis":"y","origin":[6.857143,4.0,8.0]},"faces":{"east":{"uv":[4.0,13.0,4.5,15.0],"rotation":0,"texture":"#0","tintindex":0},"south":{"uv":[11.0,2.0,13.0,4.0],"rotation":0,"texture":"#0","tintindex":0},"north":{"uv":[11.0,0.0,13.0,2.0],"rotation":0,"texture":"#0","tintindex":0},"west":{"uv":[4.5,13.0,5.0,15.0],"rotation":0,"texture":"#0","tintindex":0},"up":{"uv":[10.0,6.0,8.0,5.5],"rotation":0,"texture":"#0","tintindex":0},"down":{"uv":[15.0,3.0,13.0,3.5],"rotation":0,"texture":"#0","tintindex":0}}},{"from":[6.857143,4.5714283,6.857143],"to":[9.142858,5.714286,6.857143],"rotation":{"angle":0.0,"axis":"y","origin":[8.0,5.714286,6.857143]},"faces":{"east":{"uv":[0.0,15.0,0.0,16.0],"rotation":0,"texture":"#0","tintindex":0},"south":{"uv":[7.0,14.0,9.0,15.0],"rotation":0,"texture":"#0","tintindex":0},"north":{"uv":[5.0,14.0,7.0,15.0],"rotation":0,"texture":"#0","tintindex":0},"west":{"uv":[0.0,15.0,0.0,16.0],"rotation":0,"texture":"#0","tintindex":0},"up":{"uv":[0.0,16.0,2.0,16.0],"rotation":0,"texture":"#0","tintindex":0},"down":{"uv":[0.0,16.0,2.0,16.0],"rotation":0,"texture":"#0","tintindex":0}}},{"from":[6.857143,4.5714283,9.142858],"to":[9.142858,5.714286,9.142858],"rotation":{"angle":0.0,"axis":"y","origin":[8.0,5.714286,9.142858]},"faces":{"east":{"uv":[0.0,15.0,0.0,16.0],"rotation":0,"texture":"#0","tintindex":0},"south":{"uv":[9.0,14.0,7.0,15.0],"rotation":0,"texture":"#0","tintindex":0},"north":{"uv":[7.0,14.0,5.0,15.0],"rotation":0,"texture":"#0","tintindex":0},"west":{"uv":[0.0,15.0,0.0,16.0],"rotation":0,"texture":"#0","tintindex":0},"up":{"uv":[2.0,16.0,0.0,16.0],"rotation":0,"texture":"#0","tintindex":0},"down":{"uv":[2.0,16.0,0.0,16.0],"rotation":0,"texture":"#0","tintindex":0}}},{"from":[9.714286,5.142857,7.428571],"to":[10.285714,6.285714,8.571428],"rotation":{"angle":0.0,"axis":"y","origin":[9.714286,5.142857,8.0]},"faces":{"east":{"uv":[14.0,13.0,15.0,14.0],"rotation":0,"texture":"#0","tintindex":0},"south":{"uv":[14.0,4.0,14.5,5.0],"rotation":0,"texture":"#0","tintindex":0},"north":{"uv":[14.0,11.0,14.5,12.0],"rotation":0,"texture":"#0","tintindex":0},"west":{"uv":[14.0,12.0,15.0,13.0],"rotation":0,"texture":"#0","tintindex":0},"up":{"uv":[14.5,4.0,15.0,5.0],"rotation":0,"texture":"#0","tintindex":0},"down":{"uv":[14.5,11.0,15.0,12.0],"rotation":0,"texture":"#0","tintindex":0}}},{"from":[6.0,8.571428,6.857143],"to":[9.428572,9.714286,6.857143],"rotation":{"angle":45.0,"axis":"x","origin":[7.714286,9.714286,6.857143]},"faces":{"east":{"uv":[0.0,0.0,0.0,1.0],"rotation":0,"texture":"#2","tintindex":0},"south":{"uv":[13.0,12.5,16.0,13.5],"rotation":0,"texture":"#2","tintindex":0},"north":{"uv":[16.0,12.5,13.0,13.5],"rotation":0,"texture":"#2","tintindex":0},"west":{"uv":[0.0,0.0,0.0,1.0],"rotation":0,"texture":"#2","tintindex":0},"up":{"uv":[0.0,0.0,3.0,0.0],"rotation":0,"texture":"#2","tintindex":0},"down":{"uv":[0.0,0.0,3.0,0.0],"rotation":0,"texture":"#2","tintindex":0}}},{"from":[6.0,6.049021,6.049021],"to":[9.428572,8.906164,6.049021],"rotation":{"angle":0.0,"axis":"y","origin":[7.714286,8.334735,6.049021]},"faces":{"east":{"uv":[0.0,0.0,0.0,2.5],"rotation":0,"texture":"#2","tintindex":0},"south":{"uv":[16.0,13.5,13.0,16.0],"rotation":0,"texture":"#2","tintindex":0},"north":{"uv":[13.0,13.5,16.0,16.0],"rotation":0,"texture":"#2","tintindex":0},"west":{"uv":[0.0,0.0,0.0,2.5],"rotation":0,"texture":"#2","tintindex":0},"up":{"uv":[0.0,0.0,3.0,0.0],"rotation":0,"texture":"#2","tintindex":0},"down":{"uv":[0.0,0.0,3.0,0.0],"rotation":0,"texture":"#2","tintindex":0}}}],"display":{"head":{"translation":[0.0,-6.4,0.0],"scale":[4.0,4.0,4.0]}}}