{"textures":{"0":"modelengine:entity/amethyst_block","1":"modelengine:entity/amethyst_cluster","2":"modelengine:entity/budding_amethyst"},"elements":[{"from":[5.714286,5.714286,6.857143],"to":[9.714286,9.714286,10.857143],"rotation":{"angle":0.0,"axis":"y","origin":[8.285714,7.714286,8.857143]},"faces":{"east":{"uv":[6.0,4.0,13.0,11.0],"rotation":0,"texture":"#0","tintindex":0},"south":{"uv":[6.0,4.0,13.0,11.0],"rotation":0,"texture":"#0","tintindex":0},"north":{"uv":[6.0,4.0,13.0,11.0],"rotation":0,"texture":"#0","tintindex":0},"west":{"uv":[6.0,4.0,13.0,11.0],"rotation":0,"texture":"#0","tintindex":0},"up":{"uv":[6.0,4.0,13.0,11.0],"rotation":0,"texture":"#0","tintindex":0},"down":{"uv":[6.0,4.0,13.0,11.0],"rotation":0,"texture":"#0","tintindex":0}}},{"from":[4.0,9.714286,7.428571],"to":[8.0,13.714286,11.428572],"rotation":{"angle":0.0,"axis":"y","origin":[10.0,12.857143,10.0]},"faces":{"east":{"uv":[0.0,0.0,16.0,16.0],"rotation":0,"texture":"#1","tintindex":0},"south":{"uv":[0.0,0.0,1.0,1.0],"rotation":0,"texture":"#1","tintindex":0},"north":{"uv":[0.0,0.0,1.0,1.0],"rotation":0,"texture":"#1","tintindex":0},"west":{"uv":[0.0,0.0,1.0,1.0],"rotation":0,"texture":"#1","tintindex":0},"up":{"uv":[0.0,0.0,1.0,1.0],"rotation":0,"texture":"#1","tintindex":0},"down":{"uv":[0.0,0.0,1.0,1.0],"rotation":0,"texture":"#1","tintindex":0}}},{"from":[6.285714,9.714286,5.428571],"to":[10.285714,13.714286,9.428572],"rotation":{"angle":0.0,"axis":"y","origin":[10.0,12.285715,10.0]},"faces":{"east":{"uv":[0.0,0.0,1.0,1.0],"rotation":0,"texture":"#1","tintindex":0},"south":{"uv":[0.0,0.0,16.0,16.0],"rotation":0,"texture":"#1","tintindex":0},"north":{"uv":[0.0,0.0,1.0,1.0],"rotation":0,"texture":"#1","tintindex":0},"west":{"uv":[0.0,0.0,1.0,1.0],"rotation":0,"texture":"#1","tintindex":0},"up":{"uv":[0.0,0.0,1.0,1.0],"rotation":0,"texture":"#1","tintindex":0},"down":{"uv":[0.0,0.0,1.0,1.0],"rotation":0,"texture":"#1","tintindex":0}}},{"from":[9.714286,6.285714,8.0],"to":[13.714286,8.571428,10.285714],"rotation":{"angle":0.0,"axis":"y","origin":[8.285714,7.714286,8.857143]},"faces":{"east":{"uv":[11.0,0.0,15.0,4.0],"rotation":0,"texture":"#0","tintindex":0},"south":{"uv":[0.0,4.0,7.0,8.0],"rotation":0,"texture":"#0","tintindex":0},"north":{"uv":[0.0,0.0,7.0,4.0],"rotation":0,"texture":"#0","tintindex":0},"west":{"uv":[7.0,0.0,11.0,4.0],"rotation":0,"texture":"#0","tintindex":0},"up":{"uv":[0.0,8.0,7.0,12.0],"rotation":0,"texture":"#0","tintindex":0},"down":{"uv":[0.0,12.0,7.0,16.0],"rotation":0,"texture":"#0","tintindex":0}}},{"from":[13.142858,6.285714,8.0],"to":[17.142857,8.571428,10.285714],"rotation":{"angle":0.0,"axis":"y","origin":[8.285714,7.714286,8.857143]},"faces":{"east":{"uv":[3.0,8.0,7.0,12.0],"rotation":0,"texture":"#0","tintindex":0},"south":{"uv":[7.0,4.0,14.0,8.0],"rotation":0,"texture":"#0","tintindex":0},"north":{"uv":[7.0,0.0,14.0,4.0],"rotation":0,"texture":"#0","tintindex":0},"west":{"uv":[3.0,12.0,7.0,16.0],"rotation":0,"texture":"#0","tintindex":0},"up":{"uv":[7.0,8.0,14.0,12.0],"rotation":0,"texture":"#0","tintindex":0},"down":{"uv":[7.0,12.0,14.0,16.0],"rotation":0,"texture":"#0","tintindex":0}}},{"from":[8.571428,6.285714,5.714286],"to":[9.142858,6.857143,6.857143],"rotation":{"angle":0.0,"axis":"y","origin":[4.0,-8.57143,8.0]},"faces":{"east":{"uv":[7.0,3.0,8.0,5.0],"rotation":0,"texture":"#0","tintindex":0},"south":{"uv":[7.0,3.0,8.0,5.0],"rotation":0,"texture":"#0","tintindex":0},"north":{"uv":[7.0,3.0,8.0,5.0],"rotation":0,"texture":"#0","tintindex":0},"west":{"uv":[7.0,3.0,8.0,5.0],"rotation":0,"texture":"#0","tintindex":0},"up":{"uv":[7.0,3.0,8.0,4.0],"rotation":0,"texture":"#0","tintindex":0},"down":{"uv":[7.0,3.0,8.0,4.0],"rotation":0,"texture":"#0","tintindex":0}}},{"from":[6.857143,8.0,5.142857],"to":[7.428571,8.571428,6.857143],"rotation":{"angle":0.0,"axis":"y","origin":[4.0,-8.57143,8.0]},"faces":{"east":{"uv":[10.0,1.0,11.0,3.0],"rotation":0,"texture":"#0","tintindex":0},"south":{"uv":[10.0,1.0,11.0,3.0],"rotation":0,"texture":"#0","tintindex":0},"north":{"uv":[10.0,1.0,11.0,3.0],"rotation":0,"texture":"#0","tintindex":0},"west":{"uv":[10.0,1.0,11.0,3.0],"rotation":0,"texture":"#0","tintindex":0},"up":{"uv":[10.0,1.0,11.0,3.0],"rotation":0,"texture":"#0","tintindex":0},"down":{"uv":[10.0,1.0,11.0,3.0],"rotation":0,"texture":"#0","tintindex":0}}},{"from":[7.428571,8.571428,6.285714],"to":[8.0,9.142858,6.857143],"rotation":{"angle":0.0,"axis":"y","origin":[4.0,-8.57143,8.0]},"faces":{"east":{"uv":[9.0,14.0,10.0,15.0],"rotation":0,"texture":"#0","tintindex":0},"south":{"uv":[9.0,14.0,10.0,15.0],"rotation":0,"texture":"#0","tintindex":0},"north":{"uv":[9.0,14.0,10.0,15.0],"rotation":0,"texture":"#0","tintindex":0},"west":{"uv":[9.0,14.0,10.0,15.0],"rotation":0,"texture":"#0","tintindex":0},"up":{"uv":[9.0,14.0,10.0,15.0],"rotation":0,"texture":"#0","tintindex":0},"down":{"uv":[9.0,14.0,10.0,15.0],"rotation":0,"texture":"#0","tintindex":0}}},{"from":[8.571428,8.0,6.285714],"to":[9.142858,8.571428,6.857143],"rotation":{"angle":0.0,"axis":"y","origin":[4.0,-8.57143,8.0]},"faces":{"east":{"uv":[6.0,11.0,7.0,12.0],"rotation":0,"texture":"#0","tintindex":0},"south":{"uv":[6.0,11.0,7.0,12.0],"rotation":0,"texture":"#0","tintindex":0},"north":{"uv":[6.0,11.0,7.0,12.0],"rotation":0,"texture":"#0","tintindex":0},"west":{"uv":[6.0,11.0,7.0,12.0],"rotation":0,"texture":"#0","tintindex":0},"up":{"uv":[6.0,11.0,7.0,12.0],"rotation":0,"texture":"#0","tintindex":0},"down":{"uv":[6.0,11.0,7.0,12.0],"rotation":0,"texture":"#0","tintindex":0}}},{"from":[7.428571,6.857143,6.285714],"to":[8.0,7.428571,6.857143],"rotation":{"angle":0.0,"axis":"y","origin":[4.0,-8.57143,8.0]},"faces":{"east":{"uv":[12.0,11.0,13.0,12.0],"rotation":0,"texture":"#0","tintindex":0},"south":{"uv":[12.0,11.0,13.0,12.0],"rotation":0,"texture":"#0","tintindex":0},"north":{"uv":[12.0,11.0,13.0,12.0],"rotation":0,"texture":"#0","tintindex":0},"west":{"uv":[12.0,11.0,13.0,12.0],"rotation":0,"texture":"#0","tintindex":0},"up":{"uv":[12.0,11.0,13.0,12.0],"rotation":0,"texture":"#0","tintindex":0},"down":{"uv":[12.0,11.0,13.0,12.0],"rotation":0,"texture":"#0","tintindex":0}}},{"from":[10.857143,5.714286,6.285714],"to":[12.571428,7.428571,8.0],"rotation":{"angle":0.0,"axis":"y","origin":[8.285714,7.714286,8.857143]},"faces":{"east":{"uv":[0.0,0.0,1.0,1.0],"rotation":0,"texture":"#1","tintindex":0},"south":{"uv":[0.0,0.0,1.0,1.0],"rotation":0,"texture":"#1","tintindex":0},"north":{"uv":[0.0,0.0,1.0,1.0],"rotation":0,"texture":"#1","tintindex":0},"west":{"uv":[0.0,0.0,1.0,1.0],"rotation":0,"texture":"#1","tintindex":0},"up":{"uv":[0.0,0.0,16.0,16.0],"rotation":0,"texture":"#1","tintindex":0},"down":{"uv":[0.0,0.0,1.0,1.0],"rotation":0,"texture":"#1","tintindex":0}}},{"from":[14.285715,5.714286,6.285714],"to":[16.0,7.428571,8.0],"rotation":{"angle":0.0,"axis":"y","origin":[8.285714,7.714286,8.857143]},"faces":{"east":{"uv":[0.0,0.0,1.0,1.0],"rotation":0,"texture":"#1","tintindex":0},"south":{"uv":[0.0,0.0,1.0,1.0],"rotation":0,"texture":"#1","tintindex":0},"north":{"uv":[0.0,0.0,1.0,1.0],"rotation":0,"texture":"#1","tintindex":0},"west":{"uv":[0.0,0.0,1.0,1.0],"rotation":0,"texture":"#1","tintindex":0},"up":{"uv":[0.0,0.0,16.0,16.0],"rotation":0,"texture":"#1","tintindex":0},"down":{"uv":[0.0,0.0,1.0,1.0],"rotation":0,"texture":"#1","tintindex":0}}},{"from":[11.714286,6.5714283,6.285714],"to":[13.428572,8.285714,8.0],"rotation":{"angle":0.0,"axis":"y","origin":[8.285714,7.714286,8.857143]},"faces":{"east":{"uv":[0.0,0.0,1.0,1.0],"rotation":0,"texture":"#1","tintindex":0},"south":{"uv":[0.0,0.0,1.0,1.0],"rotation":0,"texture":"#1","tintindex":0},"north":{"uv":[0.0,0.0,1.0,1.0],"rotation":0,"texture":"#1","tintindex":0},"west":{"uv":[0.0,0.0,16.0,16.0],"rotation":270,"texture":"#1","tintindex":0},"up":{"uv":[0.0,0.0,1.0,1.0],"rotation":0,"texture":"#1","tintindex":0},"down":{"uv":[0.0,0.0,1.0,1.0],"rotation":0,"texture":"#1","tintindex":0}}},{"from":[15.142858,6.5714283,6.285714],"to":[16.857143,8.285714,8.0],"rotation":{"angle":0.0,"axis":"y","origin":[8.285714,7.714286,8.857143]},"faces":{"east":{"uv":[0.0,0.0,1.0,1.0],"rotation":0,"texture":"#1","tintindex":0},"south":{"uv":[0.0,0.0,1.0,1.0],"rotation":0,"texture":"#1","tintindex":0},"north":{"uv":[0.0,0.0,1.0,1.0],"rotation":0,"texture":"#1","tintindex":0},"west":{"uv":[0.0,0.0,16.0,16.0],"rotation":270,"texture":"#1","tintindex":0},"up":{"uv":[0.0,0.0,1.0,1.0],"rotation":0,"texture":"#1","tintindex":0},"down":{"uv":[0.0,0.0,1.0,1.0],"rotation":0,"texture":"#1","tintindex":0}}},{"from":[17.142857,6.0,7.714286],"to":[20.0,8.857143,10.571428],"rotation":{"angle":0.0,"axis":"y","origin":[4.0,-8.57143,8.0]},"faces":{"east":{"uv":[6.0,6.0,11.0,11.0],"rotation":0,"texture":"#2","tintindex":0},"south":{"uv":[6.0,6.0,11.0,11.0],"rotation":0,"texture":"#2","tintindex":0},"north":{"uv":[6.0,6.0,11.0,11.0],"rotation":0,"texture":"#2","tintindex":0},"west":{"uv":[6.0,6.0,11.0,11.0],"rotation":0,"texture":"#2","tintindex":0},"up":{"uv":[6.0,6.0,11.0,11.0],"rotation":0,"texture":"#2","tintindex":0},"down":{"uv":[6.0,6.0,11.0,11.0],"rotation":0,"texture":"#2","tintindex":0}}}],"display":{"head":{"translation":[0.0,-6.4,0.0],"scale":[4.0,4.0,4.0]}}}