{
	"credit": "Created by Stridey",
	"parent": "block/thin_block",
	"textures": {
		"1": "block/spruce_trapdoor",
		"particle": "block/spruce_trapdoor_vt",
		"texture": "block/spruce_trapdoor_vt"
	},
	"elements": [
		{
			"from": [0, 0, 13],
			"to": [16, 16, 16],
			"rotation": {"angle": 0, "axis": "x", "origin": [8, 8, 14.5]},
			"faces": {
				"north": {"uv": [16, 16, 0, 0], "rotation": 180, "texture": "#texture"},
				"east": {"uv": [0, 0, 16, 3], "rotation": 90, "texture": "#texture", "cullface": "east"},
				"south": {"uv": [0, 0, 16, 16], "texture": "#texture", "cullface": "south"},
				"west": {"uv": [0, 0, 16, 3], "rotation": 270, "texture": "#texture", "cullface": "west"},
				"up": {"uv": [0, 0, 16, 3], "texture": "#texture", "cullface": "up"},
				"down": {"uv": [0, 0, 16, 3], "rotation": 180, "texture": "#texture", "cullface": "down"}
			}
		},
		{
			"from": [13, 0, 12],
			"to": [15, 4, 13],
			"rotation": {"angle": 0, "axis": "x", "origin": [8, 8, 14.5]},
			"faces": {
				"north": {"uv": [15, 0, 13, 4], "rotation": 180, "texture": "#texture"},
				"east": {"uv": [14, 0, 15, 4], "rotation": 180, "texture": "#texture"},
				"west": {"uv": [13, 0, 14, 4], "rotation": 180, "texture": "#texture"},
				"up": {"uv": [13, 15, 15, 16], "rotation": 180, "texture": "#texture"},
				"down": {"uv": [13, 15, 15, 16], "texture": "#texture", "cullface": "down"}
			}
		},
		{
			"from": [14, 4, 12],
			"to": [15, 12, 17],
			"rotation": {"angle": 0, "axis": "x", "origin": [8, 8, 14.5]},
			"faces": {
				"north": {"uv": [15, 4, 14, 12], "rotation": 180, "texture": "#texture"},
				"east": {"uv": [14, 4, 15, 12], "rotation": 180, "texture": "#texture"},
				"south": {"uv": [14, 4, 15, 12], "rotation": 180, "texture": "#texture", "cullface": "south"},
				"west": {"uv": [14, 4, 15, 12], "rotation": 180, "texture": "#texture"}
			}
		},
		{
			"from": [1, 4, 12],
			"to": [2, 12, 17],
			"rotation": {"angle": 0, "axis": "x", "origin": [8, 8, 14.5]},
			"faces": {
				"north": {"uv": [2, 4, 1, 12], "rotation": 180, "texture": "#texture"},
				"east": {"uv": [1, 4, 2, 12], "rotation": 180, "texture": "#texture"},
				"south": {"uv": [1, 4, 2, 12], "rotation": 180, "texture": "#texture", "cullface": "south"},
				"west": {"uv": [1, 4, 2, 12], "rotation": 180, "texture": "#texture"}
			}
		},
		{
			"from": [13, 12, 12],
			"to": [15, 16, 13],
			"rotation": {"angle": 0, "axis": "x", "origin": [8, 8, 14.5]},
			"faces": {
				"north": {"uv": [15, 12, 13, 16], "rotation": 180, "texture": "#texture"},
				"east": {"uv": [14, 12, 15, 16], "rotation": 180, "texture": "#texture"},
				"west": {"uv": [13, 12, 14, 16], "rotation": 180, "texture": "#texture"},
				"up": {"uv": [13, 15, 15, 16], "rotation": 180, "texture": "#texture", "cullface": "up"},
				"down": {"uv": [13, 15, 15, 16], "texture": "#texture"}
			}
		},
		{
			"from": [1, 0, 12],
			"to": [3, 4, 13],
			"rotation": {"angle": 0, "axis": "x", "origin": [8, 8, 14.5]},
			"faces": {
				"north": {"uv": [3, 0, 1, 4], "rotation": 180, "texture": "#texture"},
				"east": {"uv": [2, 0, 3, 4], "rotation": 180, "texture": "#texture"},
				"west": {"uv": [1, 0, 2, 4], "rotation": 180, "texture": "#texture"},
				"up": {"uv": [1, 15, 3, 16], "rotation": 180, "texture": "#texture"},
				"down": {"uv": [1, 15, 3, 16], "texture": "#texture", "cullface": "down"}
			}
		},
		{
			"from": [1, 12, 12],
			"to": [3, 16, 13],
			"rotation": {"angle": 0, "axis": "x", "origin": [8, 8, 14.5]},
			"faces": {
				"north": {"uv": [3, 12, 1, 16], "rotation": 180, "texture": "#texture"},
				"east": {"uv": [2, 12, 3, 16], "rotation": 180, "texture": "#texture"},
				"west": {"uv": [1, 12, 2, 16], "rotation": 180, "texture": "#texture"},
				"up": {"uv": [1, 15, 3, 16], "rotation": 180, "texture": "#texture", "cullface": "up"},
				"down": {"uv": [1, 15, 3, 16], "texture": "#texture"}
			}
		},
		{
			"from": [1, 12, 16],
			"to": [3, 16, 17],
			"rotation": {"angle": 0, "axis": "x", "origin": [8, 8, 14.5]},
			"faces": {
				"east": {"uv": [2, 12, 3, 16], "rotation": 180, "texture": "#texture", "cullface": "south"},
				"south": {"uv": [1, 0, 3, 4], "texture": "#texture", "cullface": "south"},
				"west": {"uv": [1, 12, 2, 16], "rotation": 180, "texture": "#texture", "cullface": "south"},
				"up": {"uv": [1, 0, 3, 1], "rotation": 180, "texture": "#texture", "cullface": "up"},
				"down": {"uv": [1, 15, 3, 16], "texture": "#texture", "cullface": "south"}
			}
		},
		{
			"from": [13, 12, 16],
			"to": [15, 16, 17],
			"rotation": {"angle": 0, "axis": "x", "origin": [8, 8, 14.5]},
			"faces": {
				"east": {"uv": [14, 0, 15, 4], "texture": "#texture", "cullface": "south"},
				"south": {"uv": [13, 0, 15, 4], "texture": "#texture", "cullface": "south"},
				"west": {"uv": [13, 0, 14, 4], "texture": "#texture", "cullface": "south"},
				"up": {"uv": [13, 0, 15, 1], "rotation": 180, "texture": "#texture", "cullface": "up"},
				"down": {"uv": [13, 15, 15, 16], "texture": "#texture", "cullface": "south"}
			}
		},
		{
			"from": [13, 0, 16],
			"to": [15, 4, 17],
			"rotation": {"angle": 0, "axis": "x", "origin": [8, 8, 14.5]},
			"faces": {
				"east": {"uv": [14, 12, 15, 16], "texture": "#texture", "cullface": "south"},
				"south": {"uv": [13, 12, 15, 16], "texture": "#texture", "cullface": "south"},
				"west": {"uv": [13, 12, 14, 16], "texture": "#texture", "cullface": "south"},
				"up": {"uv": [13, 15, 15, 16], "rotation": 180, "texture": "#texture", "cullface": "south"},
				"down": {"uv": [13, 15, 15, 16], "texture": "#texture", "cullface": "down"}
			}
		},
		{
			"from": [1, 0, 16],
			"to": [3, 4, 17],
			"rotation": {"angle": 0, "axis": "x", "origin": [8, 8, 14.5]},
			"faces": {
				"east": {"uv": [2, 0, 3, 4], "rotation": 180, "texture": "#texture", "cullface": "south"},
				"south": {"uv": [1, 12, 3, 16], "texture": "#texture", "cullface": "south"},
				"west": {"uv": [1, 0, 2, 4], "rotation": 180, "texture": "#texture", "cullface": "south"},
				"up": {"uv": [1, 15, 3, 16], "rotation": 180, "texture": "#texture", "cullface": "south"},
				"down": {"uv": [1, 15, 3, 16], "texture": "#texture", "cullface": "down"}
			}
		},
		{
			"from": [10, 0, 12],
			"to": [12, 4, 13],
			"rotation": {"angle": 0, "axis": "x", "origin": [8, 8, 14.5]},
			"faces": {
				"north": {"uv": [12, 0, 10, 4], "rotation": 180, "texture": "#texture"},
				"east": {"uv": [11, 0, 12, 4], "rotation": 180, "texture": "#texture"},
				"west": {"uv": [10, 0, 11, 4], "rotation": 180, "texture": "#texture"},
				"up": {"uv": [10, 15, 12, 16], "rotation": 180, "texture": "#texture"},
				"down": {"uv": [10, 15, 12, 16], "rotation": 180, "texture": "#texture", "cullface": "down"}
			}
		},
		{
			"from": [10, 12, 12],
			"to": [12, 16, 13],
			"rotation": {"angle": 0, "axis": "x", "origin": [8, 8, 14.5]},
			"faces": {
				"north": {"uv": [12, 12, 10, 16], "rotation": 180, "texture": "#texture"},
				"east": {"uv": [11, 12, 12, 16], "rotation": 180, "texture": "#texture"},
				"west": {"uv": [10, 12, 11, 16], "rotation": 180, "texture": "#texture"},
				"up": {"uv": [10, 15, 12, 16], "rotation": 180, "texture": "#texture", "cullface": "up"},
				"down": {"uv": [10, 15, 12, 16], "rotation": 180, "texture": "#texture"}
			}
		},
		{
			"from": [7, 0, 12],
			"to": [9, 4, 13],
			"rotation": {"angle": 0, "axis": "x", "origin": [8, 8, 14.5]},
			"faces": {
				"north": {"uv": [9, 0, 7, 4], "rotation": 180, "texture": "#texture"},
				"east": {"uv": [8, 0, 9, 4], "rotation": 180, "texture": "#texture"},
				"west": {"uv": [7, 0, 8, 4], "rotation": 180, "texture": "#texture"},
				"up": {"uv": [7, 15, 9, 16], "rotation": 180, "texture": "#texture"},
				"down": {"uv": [7, 15, 9, 16], "rotation": 180, "texture": "#texture", "cullface": "down"}
			}
		},
		{
			"from": [7, 12, 12],
			"to": [9, 16, 13],
			"rotation": {"angle": 0, "axis": "x", "origin": [8, 8, 14.5]},
			"faces": {
				"north": {"uv": [9, 12, 7, 16], "rotation": 180, "texture": "#texture"},
				"east": {"uv": [8, 12, 9, 16], "rotation": 180, "texture": "#texture"},
				"west": {"uv": [7, 12, 8, 16], "rotation": 180, "texture": "#texture"},
				"up": {"uv": [7, 15, 9, 16], "rotation": 180, "texture": "#texture", "cullface": "up"},
				"down": {"uv": [7, 15, 9, 16], "rotation": 180, "texture": "#texture"}
			}
		},
		{
			"from": [4, 0, 12],
			"to": [6, 4, 13],
			"rotation": {"angle": 0, "axis": "x", "origin": [8, 8, 14.5]},
			"faces": {
				"north": {"uv": [6, 0, 4, 4], "rotation": 180, "texture": "#texture"},
				"east": {"uv": [5, 0, 6, 4], "rotation": 180, "texture": "#texture"},
				"west": {"uv": [4, 0, 5, 4], "rotation": 180, "texture": "#texture"},
				"up": {"uv": [4, 15, 6, 16], "rotation": 180, "texture": "#texture"},
				"down": {"uv": [4, 15, 6, 16], "rotation": 180, "texture": "#texture", "cullface": "down"}
			}
		},
		{
			"from": [4, 12, 12],
			"to": [6, 16, 13],
			"rotation": {"angle": 0, "axis": "x", "origin": [8, 8, 14.5]},
			"faces": {
				"north": {"uv": [6, 12, 4, 16], "rotation": 180, "texture": "#texture"},
				"east": {"uv": [5, 12, 6, 16], "rotation": 180, "texture": "#texture"},
				"west": {"uv": [4, 12, 5, 16], "rotation": 180, "texture": "#texture"},
				"up": {"uv": [4, 15, 6, 16], "rotation": 180, "texture": "#texture", "cullface": "up"},
				"down": {"uv": [4, 15, 6, 16], "rotation": 180, "texture": "#texture"}
			}
		},
		{
			"from": [4, 12, 16],
			"to": [6, 16, 17],
			"rotation": {"angle": 0, "axis": "x", "origin": [8, 8, 14.5]},
			"faces": {
				"east": {"uv": [5, 0, 6, 4], "texture": "#texture", "cullface": "south"},
				"south": {"uv": [4, 0, 6, 4], "texture": "#texture", "cullface": "south"},
				"west": {"uv": [4, 0, 5, 4], "texture": "#texture", "cullface": "south"},
				"up": {"uv": [4, 0, 6, 1], "rotation": 180, "texture": "#texture", "cullface": "up"},
				"down": {"uv": [4, 15, 6, 16], "texture": "#texture", "cullface": "south"}
			}
		},
		{
			"from": [7, 12, 16],
			"to": [9, 16, 17],
			"rotation": {"angle": 0, "axis": "x", "origin": [8, 8, 14.5]},
			"faces": {
				"east": {"uv": [8, 0, 9, 4], "texture": "#texture", "cullface": "south"},
				"south": {"uv": [7, 0, 9, 4], "texture": "#texture", "cullface": "south"},
				"west": {"uv": [7, 0, 8, 4], "texture": "#texture", "cullface": "south"},
				"up": {"uv": [7, 0, 9, 1], "rotation": 180, "texture": "#texture", "cullface": "up"},
				"down": {"uv": [7, 0, 9, 1], "texture": "#texture", "cullface": "south"}
			}
		},
		{
			"from": [10, 12, 16],
			"to": [12, 16, 17],
			"rotation": {"angle": 0, "axis": "x", "origin": [8, 8, 14.5]},
			"faces": {
				"east": {"uv": [11, 0, 12, 4], "texture": "#texture", "cullface": "south"},
				"south": {"uv": [10, 0, 12, 4], "texture": "#texture", "cullface": "south"},
				"west": {"uv": [10, 0, 11, 4], "texture": "#texture", "cullface": "south"},
				"up": {"uv": [10, 0, 12, 1], "rotation": 180, "texture": "#texture", "cullface": "up"},
				"down": {"uv": [10, 0, 12, 1], "texture": "#texture", "cullface": "south"}
			}
		},
		{
			"from": [7, 0, 16],
			"to": [9, 4, 17],
			"rotation": {"angle": 0, "axis": "x", "origin": [8, 8, 14.5]},
			"faces": {
				"east": {"uv": [8, 12, 9, 16], "texture": "#texture", "cullface": "south"},
				"south": {"uv": [7, 12, 9, 16], "texture": "#texture", "cullface": "south"},
				"west": {"uv": [7, 12, 8, 16], "texture": "#texture", "cullface": "south"},
				"up": {"uv": [7, 0, 9, 1], "rotation": 180, "texture": "#texture", "cullface": "south"},
				"down": {"uv": [7, 0, 9, 1], "texture": "#texture", "cullface": "down"}
			}
		},
		{
			"from": [10, 0, 16],
			"to": [12, 4, 17],
			"rotation": {"angle": 0, "axis": "x", "origin": [8, 8, 14.5]},
			"faces": {
				"east": {"uv": [11, 12, 12, 16], "texture": "#texture", "cullface": "south"},
				"south": {"uv": [10, 12, 12, 16], "texture": "#texture", "cullface": "south"},
				"west": {"uv": [10, 12, 11, 16], "texture": "#texture", "cullface": "south"},
				"up": {"uv": [10, 0, 12, 1], "rotation": 180, "texture": "#texture", "cullface": "south"},
				"down": {"uv": [10, 0, 12, 1], "texture": "#texture", "cullface": "down"}
			}
		},
		{
			"from": [4, 0, 16],
			"to": [6, 4, 17],
			"rotation": {"angle": 0, "axis": "x", "origin": [8, 8, 14.5]},
			"faces": {
				"east": {"uv": [5, 12, 6, 16], "texture": "#texture", "cullface": "south"},
				"south": {"uv": [4, 12, 6, 16], "texture": "#texture", "cullface": "south"},
				"west": {"uv": [4, 12, 5, 16], "texture": "#texture", "cullface": "south"},
				"up": {"uv": [4, 0, 6, 1], "rotation": 180, "texture": "#texture", "cullface": "south"},
				"down": {"uv": [4, 0, 6, 1], "texture": "#texture", "cullface": "down"}
			}
		},
		{
			"from": [14, 4, 13],
			"to": [2, 12, 16],
			"rotation": {"angle": 0, "axis": "x", "origin": [8, 8, 14.5]},
			"faces": {
				"up": {"uv": [2, 13, 14, 16], "texture": "#1", "cullface": "north"},
				"down": {"uv": [2, 0, 14, 3], "rotation": 180, "texture": "#1", "cullface": "north"}
			}
		}
	]
}